company_id,year,cfo_sign,cfi_sign,cff_sign,pattern_label
C001,2015,1,-1,1,Reinvestor
C001,2016,1,-1,1,Reinvestor
C001,2017,1,-1,1,Reinvestor
C001,2018,1,-1,1,Reinvestor
C001,2019,1,-1,1,Reinvestor
C001,2020,1,-1,1,Reinvestor
C001,2021,1,-1,1,Reinvestor
C001,2022,1,-1,1,Reinvestor
C001,2023,1,-1,1,Reinvestor
C001,2024,1,-1,1,Reinvestor
C002,2015,1,-1,1,Cash Compounder
C002,2016,1,-1,1,Cash Compounder
C002,2017,1,-1,1,Cash Compounder
C002,2018,1,-1,1,Cash Compounder
C002,2019,1,-1,1,Cash Compounder
C002,2020,1,-1,1,Cash Compounder
C002,2021,1,-1,1,Cash Compounder
C002,2022,1,-1,1,Cash Compounder
C002,2023,1,-1,1,Cash Compounder
C002,2024,1,-1,1,Cash Compounder
C003,2015,1,-1,-1,Dividend Distributor
C003,2016,1,-1,-1,Dividend Distributor
C003,2017,1,-1,-1,Dividend Distributor
C003,2018,1,-1,-1,Dividend Distributor
C003,2019,1,-1,-1,Dividend Distributor
C003,2020,1,-1,-1,Dividend Distributor
C003,2021,1,-1,-1,Dividend Distributor
C003,2022,1,-1,-1,Dividend Distributor
C003,2023,1,-1,-1,Dividend Distributor
C003,2024,1,-1,-1,Dividend Distributor
C004,2015,1,-1,-1,Debt Reducer
C004,2016,1,-1,-1,Debt Reducer
C004,2017,1,-1,-1,Debt Reducer
C004,2018,1,-1,-1,Debt Reducer
C004,2019,1,-1,-1,Debt Reducer
C004,2020,1,-1,-1,Debt Reducer
C004,2021,1,-1,-1,Debt Reducer
C004,2022,1,-1,-1,Debt Reducer
C004,2023,1,-1,-1,Debt Reducer
C004,2024,1,-1,-1,Debt Reducer
C005,2015,1,-1,1,Acquisition Led
C005,2016,1,-1,1,Acquisition Led
C005,2017,1,-1,1,Acquisition Led
C005,2018,1,-1,1,Acquisition Led
C005,2019,1,-1,1,Acquisition Led
C005,2020,1,-1,1,Acquisition Led
C005,2021,1,-1,1,Acquisition Led
C005,2022,1,-1,1,Acquisition Led
C005,2023,1,-1,1,Acquisition Led
C005,2024,1,-1,1,Acquisition Led
C006,2015,1,-1,1,Capex Heavy
C006,2016,1,-1,1,Capex Heavy
C006,2017,1,-1,1,Capex Heavy
C006,2018,1,-1,1,Capex Heavy
C006,2019,1,-1,1,Capex Heavy
C006,2020,1,-1,1,Capex Heavy
C006,2021,1,-1,1,Capex Heavy
C006,2022,1,-1,1,Capex Heavy
C006,2023,1,-1,1,Capex Heavy
C006,2024,1,-1,1,Capex Heavy
C007,2015,1,-1,1,Working Capital Builder
C007,2016,1,-1,1,Working Capital Builder
C007,2017,1,-1,1,Working Capital Builder
C007,2018,1,-1,1,Working Capital Builder
C007,2019,1,-1,1,Working Capital Builder
C007,2020,1,-1,1,Working Capital Builder
C007,2021,1,-1,1,Working Capital Builder
C007,2022,1,-1,1,Working Capital Builder
C007,2023,1,-1,1,Working Capital Builder
C007,2024,1,-1,1,Working Capital Builder
C008,2015,1,-1,1,Turnaround
C008,2016,1,-1,1,Turnaround
C008,2017,1,-1,1,Turnaround
C008,2018,1,-1,1,Turnaround
C008,2019,1,-1,1,Turnaround
C008,2020,1,-1,1,Turnaround
C008,2021,1,-1,1,Turnaround
C008,2022,1,-1,1,Turnaround
C008,2023,1,-1,1,Turnaround
C008,2024,1,-1,1,Turnaround
C009,2015,1,-1,1,Reinvestor
C009,2016,1,-1,1,Reinvestor
C009,2017,1,-1,1,Reinvestor
C009,2018,1,-1,1,Reinvestor
C009,2019,1,-1,1,Reinvestor
C009,2020,1,-1,1,Reinvestor
C009,2021,1,-1,1,Reinvestor
C009,2022,1,-1,1,Reinvestor
C009,2023,1,-1,1,Reinvestor
C009,2024,1,-1,1,Reinvestor
C010,2015,1,-1,1,Cash Compounder
C010,2016,1,-1,1,Cash Compounder
C010,2017,1,-1,1,Cash Compounder
C010,2018,1,-1,1,Cash Compounder
C010,2019,1,-1,1,Cash Compounder
C010,2020,1,-1,1,Cash Compounder
C010,2021,1,-1,1,Cash Compounder
C010,2022,1,-1,1,Cash Compounder
C010,2023,1,-1,1,Cash Compounder
C010,2024,1,-1,1,Cash Compounder
C011,2015,1,-1,-1,Dividend Distributor
C011,2016,1,-1,-1,Dividend Distributor
C011,2017,1,-1,-1,Dividend Distributor
C011,2018,1,-1,-1,Dividend Distributor
C011,2019,1,-1,-1,Dividend Distributor
C011,2020,1,-1,-1,Dividend Distributor
C011,2021,1,-1,-1,Dividend Distributor
C011,2022,1,-1,-1,Dividend Distributor
C011,2023,1,-1,-1,Dividend Distributor
C011,2024,1,-1,-1,Dividend Distributor
C012,2015,1,-1,-1,Debt Reducer
C012,2016,1,-1,-1,Debt Reducer
C012,2017,1,-1,-1,Debt Reducer
C012,2018,1,-1,-1,Debt Reducer
C012,2019,1,-1,-1,Debt Reducer
C012,2020,1,-1,-1,Debt Reducer
C012,2021,1,-1,-1,Debt Reducer
C012,2022,1,-1,-1,Debt Reducer
C012,2023,1,-1,-1,Debt Reducer
C012,2024,1,-1,-1,Debt Reducer
C013,2015,1,-1,1,Acquisition Led
C013,2016,1,-1,1,Acquisition Led
C013,2017,1,-1,1,Acquisition Led
C013,2018,1,-1,1,Acquisition Led
C013,2019,1,-1,1,Acquisition Led
C013,2020,1,-1,1,Acquisition Led
C013,2021,1,-1,1,Acquisition Led
C013,2022,1,-1,1,Acquisition Led
C013,2023,1,-1,1,Acquisition Led
C013,2024,1,-1,1,Acquisition Led
C014,2015,1,-1,1,Capex Heavy
C014,2016,1,-1,1,Capex Heavy
C014,2017,1,-1,1,Capex Heavy
C014,2018,1,-1,1,Capex Heavy
C014,2019,1,-1,1,Capex Heavy
C014,2020,1,-1,1,Capex Heavy
C014,2021,1,-1,1,Capex Heavy
C014,2022,1,-1,1,Capex Heavy
C014,2023,1,-1,1,Capex Heavy
C014,2024,1,-1,1,Capex Heavy
C015,2015,1,-1,1,Working Capital Builder
C015,2016,1,-1,1,Working Capital Builder
C015,2017,1,-1,1,Working Capital Builder
C015,2018,1,-1,1,Working Capital Builder
C015,2019,1,-1,1,Working Capital Builder
C015,2020,1,-1,1,Working Capital Builder
C015,2021,1,-1,1,Working Capital Builder
C015,2022,1,-1,1,Working Capital Builder
C015,2023,1,-1,1,Working Capital Builder
C015,2024,1,-1,1,Working Capital Builder
C016,2015,1,-1,1,Turnaround
C016,2016,1,-1,1,Turnaround
C016,2017,1,-1,1,Turnaround
C016,2018,1,-1,1,Turnaround
C016,2019,1,-1,1,Turnaround
C016,2020,1,-1,1,Turnaround
C016,2021,1,-1,1,Turnaround
C016,2022,1,-1,1,Turnaround
C016,2023,1,-1,1,Turnaround
C016,2024,1,-1,1,Turnaround
C017,2015,1,-1,1,Reinvestor
C017,2016,1,-1,1,Reinvestor
C017,2017,1,-1,1,Reinvestor
C017,2018,1,-1,1,Reinvestor
C017,2019,1,-1,1,Reinvestor
C017,2020,1,-1,1,Reinvestor
C017,2021,1,-1,1,Reinvestor
C017,2022,1,-1,1,Reinvestor
C017,2023,1,-1,1,Reinvestor
C017,2024,1,-1,1,Reinvestor
C018,2015,1,-1,1,Cash Compounder
C018,2016,1,-1,1,Cash Compounder
C018,2017,1,-1,1,Cash Compounder
C018,2018,1,-1,1,Cash Compounder
C018,2019,1,-1,1,Cash Compounder
C018,2020,1,-1,1,Cash Compounder
C018,2021,1,-1,1,Cash Compounder
C018,2022,1,-1,1,Cash Compounder
C018,2023,1,-1,1,Cash Compounder
C018,2024,1,-1,1,Cash Compounder
C019,2015,1,-1,-1,Dividend Distributor
C019,2016,1,-1,-1,Dividend Distributor
C019,2017,1,-1,-1,Dividend Distributor
C019,2018,1,-1,-1,Dividend Distributor
C019,2019,1,-1,-1,Dividend Distributor
C019,2020,1,-1,-1,Dividend Distributor
C019,2021,1,-1,-1,Dividend Distributor
C019,2022,1,-1,-1,Dividend Distributor
C019,2023,1,-1,-1,Dividend Distributor
C019,2024,1,-1,-1,Dividend Distributor
C020,2015,1,-1,-1,Debt Reducer
C020,2016,1,-1,-1,Debt Reducer
C020,2017,1,-1,-1,Debt Reducer
C020,2018,1,-1,-1,Debt Reducer
C020,2019,1,-1,-1,Debt Reducer
C020,2020,1,-1,-1,Debt Reducer
C020,2021,1,-1,-1,Debt Reducer
C020,2022,1,-1,-1,Debt Reducer
C020,2023,1,-1,-1,Debt Reducer
C020,2024,1,-1,-1,Debt Reducer
C021,2015,1,-1,1,Acquisition Led
C021,2016,1,-1,1,Acquisition Led
C021,2017,1,-1,1,Acquisition Led
C021,2018,1,-1,1,Acquisition Led
C021,2019,1,-1,1,Acquisition Led
C021,2020,1,-1,1,Acquisition Led
C021,2021,1,-1,1,Acquisition Led
C021,2022,1,-1,1,Acquisition Led
C021,2023,1,-1,1,Acquisition Led
C021,2024,1,-1,1,Acquisition Led
C022,2015,1,-1,1,Capex Heavy
C022,2016,1,-1,1,Capex Heavy
C022,2017,1,-1,1,Capex Heavy
C022,2018,1,-1,1,Capex Heavy
C022,2019,1,-1,1,Capex Heavy
C022,2020,1,-1,1,Capex Heavy
C022,2021,1,-1,1,Capex Heavy
C022,2022,1,-1,1,Capex Heavy
C022,2023,1,-1,1,Capex Heavy
C022,2024,1,-1,1,Capex Heavy
C023,2015,1,-1,1,Working Capital Builder
C023,2016,1,-1,1,Working Capital Builder
C023,2017,1,-1,1,Working Capital Builder
C023,2018,1,-1,1,Working Capital Builder
C023,2019,1,-1,1,Working Capital Builder
C023,2020,1,-1,1,Working Capital Builder
C023,2021,1,-1,1,Working Capital Builder
C023,2022,1,-1,1,Working Capital Builder
C023,2023,1,-1,1,Working Capital Builder
C023,2024,1,-1,1,Working Capital Builder
C024,2015,1,-1,1,Turnaround
C024,2016,1,-1,1,Turnaround
C024,2017,1,-1,1,Turnaround
C024,2018,1,-1,1,Turnaround
C024,2019,1,-1,1,Turnaround
C024,2020,1,-1,1,Turnaround
C024,2021,1,-1,1,Turnaround
C024,2022,1,-1,1,Turnaround
C024,2023,1,-1,1,Turnaround
C024,2024,1,-1,1,Turnaround
C025,2015,1,-1,1,Reinvestor
C025,2016,1,-1,1,Reinvestor
C025,2017,1,-1,1,Reinvestor
C025,2018,1,-1,1,Reinvestor
C025,2019,1,-1,1,Reinvestor
C025,2020,1,-1,1,Reinvestor
C025,2021,1,-1,1,Reinvestor
C025,2022,1,-1,1,Reinvestor
C025,2023,1,-1,1,Reinvestor
C025,2024,1,-1,1,Reinvestor
C026,2015,1,-1,1,Cash Compounder
C026,2016,1,-1,1,Cash Compounder
C026,2017,1,-1,1,Cash Compounder
C026,2018,1,-1,1,Cash Compounder
C026,2019,1,-1,1,Cash Compounder
C026,2020,1,-1,1,Cash Compounder
C026,2021,1,-1,1,Cash Compounder
C026,2022,1,-1,1,Cash Compounder
C026,2023,1,-1,1,Cash Compounder
C026,2024,1,-1,1,Cash Compounder
C027,2015,1,-1,-1,Dividend Distributor
C027,2016,1,-1,-1,Dividend Distributor
C027,2017,1,-1,-1,Dividend Distributor
C027,2018,1,-1,-1,Dividend Distributor
C027,2019,1,-1,-1,Dividend Distributor
C027,2020,1,-1,-1,Dividend Distributor
C027,2021,1,-1,-1,Dividend Distributor
C027,2022,1,-1,-1,Dividend Distributor
C027,2023,1,-1,-1,Dividend Distributor
C027,2024,1,-1,-1,Dividend Distributor
C028,2015,1,-1,-1,Debt Reducer
C028,2016,1,-1,-1,Debt Reducer
C028,2017,1,-1,-1,Debt Reducer
C028,2018,1,-1,-1,Debt Reducer
C028,2019,1,-1,-1,Debt Reducer
C028,2020,1,-1,-1,Debt Reducer
C028,2021,1,-1,-1,Debt Reducer
C028,2022,1,-1,-1,Debt Reducer
C028,2023,1,-1,-1,Debt Reducer
C028,2024,1,-1,-1,Debt Reducer
C029,2015,1,-1,1,Acquisition Led
C029,2016,1,-1,1,Acquisition Led
C029,2017,1,-1,1,Acquisition Led
C029,2018,1,-1,1,Acquisition Led
C029,2019,1,-1,1,Acquisition Led
C029,2020,1,-1,1,Acquisition Led
C029,2021,1,-1,1,Acquisition Led
C029,2022,1,-1,1,Acquisition Led
C029,2023,1,-1,1,Acquisition Led
C029,2024,1,-1,1,Acquisition Led
C030,2015,1,-1,1,Capex Heavy
C030,2016,1,-1,1,Capex Heavy
C030,2017,1,-1,1,Capex Heavy
C030,2018,1,-1,1,Capex Heavy
C030,2019,1,-1,1,Capex Heavy
C030,2020,1,-1,1,Capex Heavy
C030,2021,1,-1,1,Capex Heavy
C030,2022,1,-1,1,Capex Heavy
C030,2023,1,-1,1,Capex Heavy
C030,2024,1,-1,1,Capex Heavy
C031,2015,1,-1,1,Working Capital Builder
C031,2016,1,-1,1,Working Capital Builder
C031,2017,1,-1,1,Working Capital Builder
C031,2018,1,-1,1,Working Capital Builder
C031,2019,1,-1,1,Working Capital Builder
C031,2020,1,-1,1,Working Capital Builder
C031,2021,1,-1,1,Working Capital Builder
C031,2022,1,-1,1,Working Capital Builder
C031,2023,1,-1,1,Working Capital Builder
C031,2024,1,-1,1,Working Capital Builder
C032,2015,1,-1,1,Turnaround
C032,2016,1,-1,1,Turnaround
C032,2017,1,-1,1,Turnaround
C032,2018,1,-1,1,Turnaround
C032,2019,1,-1,1,Turnaround
C032,2020,1,-1,1,Turnaround
C032,2021,1,-1,1,Turnaround
C032,2022,1,-1,1,Turnaround
C032,2023,1,-1,1,Turnaround
C032,2024,1,-1,1,Turnaround
C033,2015,1,-1,1,Reinvestor
C033,2016,1,-1,1,Reinvestor
C033,2017,1,-1,1,Reinvestor
C033,2018,1,-1,1,Reinvestor
C033,2019,1,-1,1,Reinvestor
C033,2020,1,-1,1,Reinvestor
C033,2021,1,-1,1,Reinvestor
C033,2022,1,-1,1,Reinvestor
C033,2023,1,-1,1,Reinvestor
C033,2024,1,-1,1,Reinvestor
C034,2015,1,-1,1,Cash Compounder
C034,2016,1,-1,1,Cash Compounder
C034,2017,1,-1,1,Cash Compounder
C034,2018,1,-1,1,Cash Compounder
C034,2019,1,-1,1,Cash Compounder
C034,2020,1,-1,1,Cash Compounder
C034,2021,1,-1,1,Cash Compounder
C034,2022,1,-1,1,Cash Compounder
C034,2023,1,-1,1,Cash Compounder
C034,2024,1,-1,1,Cash Compounder
C035,2015,1,-1,-1,Dividend Distributor
C035,2016,1,-1,-1,Dividend Distributor
C035,2017,1,-1,-1,Dividend Distributor
C035,2018,1,-1,-1,Dividend Distributor
C035,2019,1,-1,-1,Dividend Distributor
C035,2020,1,-1,-1,Dividend Distributor
C035,2021,1,-1,-1,Dividend Distributor
C035,2022,1,-1,-1,Dividend Distributor
C035,2023,1,-1,-1,Dividend Distributor
C035,2024,1,-1,-1,Dividend Distributor
C036,2015,1,-1,-1,Debt Reducer
C036,2016,1,-1,-1,Debt Reducer
C036,2017,1,-1,-1,Debt Reducer
C036,2018,1,-1,-1,Debt Reducer
C036,2019,1,-1,-1,Debt Reducer
C036,2020,1,-1,-1,Debt Reducer
C036,2021,1,-1,-1,Debt Reducer
C036,2022,1,-1,-1,Debt Reducer
C036,2023,1,-1,-1,Debt Reducer
C036,2024,1,-1,-1,Debt Reducer
C037,2015,1,-1,1,Acquisition Led
C037,2016,1,-1,1,Acquisition Led
C037,2017,1,-1,1,Acquisition Led
C037,2018,1,-1,1,Acquisition Led
C037,2019,1,-1,1,Acquisition Led
C037,2020,1,-1,1,Acquisition Led
C037,2021,1,-1,1,Acquisition Led
C037,2022,1,-1,1,Acquisition Led
C037,2023,1,-1,1,Acquisition Led
C037,2024,1,-1,1,Acquisition Led
C038,2015,1,-1,1,Capex Heavy
C038,2016,1,-1,1,Capex Heavy
C038,2017,1,-1,1,Capex Heavy
C038,2018,1,-1,1,Capex Heavy
C038,2019,1,-1,1,Capex Heavy
C038,2020,1,-1,1,Capex Heavy
C038,2021,1,-1,1,Capex Heavy
C038,2022,1,-1,1,Capex Heavy
C038,2023,1,-1,1,Capex Heavy
C038,2024,1,-1,1,Capex Heavy
C039,2015,1,-1,1,Working Capital Builder
C039,2016,1,-1,1,Working Capital Builder
C039,2017,1,-1,1,Working Capital Builder
C039,2018,1,-1,1,Working Capital Builder
C039,2019,1,-1,1,Working Capital Builder
C039,2020,1,-1,1,Working Capital Builder
C039,2021,1,-1,1,Working Capital Builder
C039,2022,1,-1,1,Working Capital Builder
C039,2023,1,-1,1,Working Capital Builder
C039,2024,1,-1,1,Working Capital Builder
C040,2015,1,-1,1,Turnaround
C040,2016,1,-1,1,Turnaround
C040,2017,1,-1,1,Turnaround
C040,2018,1,-1,1,Turnaround
C040,2019,1,-1,1,Turnaround
C040,2020,1,-1,1,Turnaround
C040,2021,1,-1,1,Turnaround
C040,2022,1,-1,1,Turnaround
C040,2023,1,-1,1,Turnaround
C040,2024,1,-1,1,Turnaround
C041,2015,1,-1,1,Reinvestor
C041,2016,1,-1,1,Reinvestor
C041,2017,1,-1,1,Reinvestor
C041,2018,1,-1,1,Reinvestor
C041,2019,1,-1,1,Reinvestor
C041,2020,1,-1,1,Reinvestor
C041,2021,1,-1,1,Reinvestor
C041,2022,1,-1,1,Reinvestor
C041,2023,1,-1,1,Reinvestor
C041,2024,1,-1,1,Reinvestor
C042,2015,1,-1,1,Cash Compounder
C042,2016,1,-1,1,Cash Compounder
C042,2017,1,-1,1,Cash Compounder
C042,2018,1,-1,1,Cash Compounder
C042,2019,1,-1,1,Cash Compounder
C042,2020,1,-1,1,Cash Compounder
C042,2021,1,-1,1,Cash Compounder
C042,2022,1,-1,1,Cash Compounder
C042,2023,1,-1,1,Cash Compounder
C042,2024,1,-1,1,Cash Compounder
C043,2015,1,-1,-1,Dividend Distributor
C043,2016,1,-1,-1,Dividend Distributor
C043,2017,1,-1,-1,Dividend Distributor
C043,2018,1,-1,-1,Dividend Distributor
C043,2019,1,-1,-1,Dividend Distributor
C043,2020,1,-1,-1,Dividend Distributor
C043,2021,1,-1,-1,Dividend Distributor
C043,2022,1,-1,-1,Dividend Distributor
C043,2023,1,-1,-1,Dividend Distributor
C043,2024,1,-1,-1,Dividend Distributor
C044,2015,1,-1,-1,Debt Reducer
C044,2016,1,-1,-1,Debt Reducer
C044,2017,1,-1,-1,Debt Reducer
C044,2018,1,-1,-1,Debt Reducer
C044,2019,1,-1,-1,Debt Reducer
C044,2020,1,-1,-1,Debt Reducer
C044,2021,1,-1,-1,Debt Reducer
C044,2022,1,-1,-1,Debt Reducer
C044,2023,1,-1,-1,Debt Reducer
C044,2024,1,-1,-1,Debt Reducer
C045,2015,1,-1,1,Acquisition Led
C045,2016,1,-1,1,Acquisition Led
C045,2017,1,-1,1,Acquisition Led
C045,2018,1,-1,1,Acquisition Led
C045,2019,1,-1,1,Acquisition Led
C045,2020,1,-1,1,Acquisition Led
C045,2021,1,-1,1,Acquisition Led
C045,2022,1,-1,1,Acquisition Led
C045,2023,1,-1,1,Acquisition Led
C045,2024,1,-1,1,Acquisition Led
C046,2015,1,-1,1,Capex Heavy
C046,2016,1,-1,1,Capex Heavy
C046,2017,1,-1,1,Capex Heavy
C046,2018,1,-1,1,Capex Heavy
C046,2019,1,-1,1,Capex Heavy
C046,2020,1,-1,1,Capex Heavy
C046,2021,1,-1,1,Capex Heavy
C046,2022,1,-1,1,Capex Heavy
C046,2023,1,-1,1,Capex Heavy
C046,2024,1,-1,1,Capex Heavy
C047,2015,1,-1,1,Working Capital Builder
C047,2016,1,-1,1,Working Capital Builder
C047,2017,1,-1,1,Working Capital Builder
C047,2018,1,-1,1,Working Capital Builder
C047,2019,1,-1,1,Working Capital Builder
C047,2020,1,-1,1,Working Capital Builder
C047,2021,1,-1,1,Working Capital Builder
C047,2022,1,-1,1,Working Capital Builder
C047,2023,1,-1,1,Working Capital Builder
C047,2024,1,-1,1,Working Capital Builder
C048,2015,1,-1,1,Turnaround
C048,2016,1,-1,1,Turnaround
C048,2017,1,-1,1,Turnaround
C048,2018,1,-1,1,Turnaround
C048,2019,1,-1,1,Turnaround
C048,2020,1,-1,1,Turnaround
C048,2021,1,-1,1,Turnaround
C048,2022,1,-1,1,Turnaround
C048,2023,1,-1,1,Turnaround
C048,2024,1,-1,1,Turnaround
C049,2015,1,-1,1,Reinvestor
C049,2016,1,-1,1,Reinvestor
C049,2017,1,-1,1,Reinvestor
C049,2018,1,-1,1,Reinvestor
C049,2019,1,-1,1,Reinvestor
C049,2020,1,-1,1,Reinvestor
C049,2021,1,-1,1,Reinvestor
C049,2022,1,-1,1,Reinvestor
C049,2023,1,-1,1,Reinvestor
C049,2024,1,-1,1,Reinvestor
C050,2015,1,-1,1,Cash Compounder
C050,2016,1,-1,1,Cash Compounder
C050,2017,1,-1,1,Cash Compounder
C050,2018,1,-1,1,Cash Compounder
C050,2019,1,-1,1,Cash Compounder
C050,2020,1,-1,1,Cash Compounder
C050,2021,1,-1,1,Cash Compounder
C050,2022,1,-1,1,Cash Compounder
C050,2023,1,-1,1,Cash Compounder
C050,2024,1,-1,1,Cash Compounder
C051,2015,1,-1,-1,Dividend Distributor
C051,2016,1,-1,-1,Dividend Distributor
C051,2017,1,-1,-1,Dividend Distributor
C051,2018,1,-1,-1,Dividend Distributor
C051,2019,1,-1,-1,Dividend Distributor
C051,2020,1,-1,-1,Dividend Distributor
C051,2021,1,-1,-1,Dividend Distributor
C051,2022,1,-1,-1,Dividend Distributor
C051,2023,1,-1,-1,Dividend Distributor
C051,2024,1,-1,-1,Dividend Distributor
C052,2015,1,-1,-1,Debt Reducer
C052,2016,1,-1,-1,Debt Reducer
C052,2017,1,-1,-1,Debt Reducer
C052,2018,1,-1,-1,Debt Reducer
C052,2019,1,-1,-1,Debt Reducer
C052,2020,1,-1,-1,Debt Reducer
C052,2021,1,-1,-1,Debt Reducer
C052,2022,1,-1,-1,Debt Reducer
C052,2023,1,-1,-1,Debt Reducer
C052,2024,1,-1,-1,Debt Reducer
C053,2015,1,-1,1,Acquisition Led
C053,2016,1,-1,1,Acquisition Led
C053,2017,1,-1,1,Acquisition Led
C053,2018,1,-1,1,Acquisition Led
C053,2019,1,-1,1,Acquisition Led
C053,2020,1,-1,1,Acquisition Led
C053,2021,1,-1,1,Acquisition Led
C053,2022,1,-1,1,Acquisition Led
C053,2023,1,-1,1,Acquisition Led
C053,2024,1,-1,1,Acquisition Led
C054,2015,1,-1,1,Capex Heavy
C054,2016,1,-1,1,Capex Heavy
C054,2017,1,-1,1,Capex Heavy
C054,2018,1,-1,1,Capex Heavy
C054,2019,1,-1,1,Capex Heavy
C054,2020,1,-1,1,Capex Heavy
C054,2021,1,-1,1,Capex Heavy
C054,2022,1,-1,1,Capex Heavy
C054,2023,1,-1,1,Capex Heavy
C054,2024,1,-1,1,Capex Heavy
C055,2015,1,-1,1,Working Capital Builder
C055,2016,1,-1,1,Working Capital Builder
C055,2017,1,-1,1,Working Capital Builder
C055,2018,1,-1,1,Working Capital Builder
C055,2019,1,-1,1,Working Capital Builder
C055,2020,1,-1,1,Working Capital Builder
C055,2021,1,-1,1,Working Capital Builder
C055,2022,1,-1,1,Working Capital Builder
C055,2023,1,-1,1,Working Capital Builder
C055,2024,1,-1,1,Working Capital Builder
C056,2015,1,-1,1,Turnaround
C056,2016,1,-1,1,Turnaround
C056,2017,1,-1,1,Turnaround
C056,2018,1,-1,1,Turnaround
C056,2019,1,-1,1,Turnaround
C056,2020,1,-1,1,Turnaround
C056,2021,1,-1,1,Turnaround
C056,2022,1,-1,1,Turnaround
C056,2023,1,-1,1,Turnaround
C056,2024,1,-1,1,Turnaround
C057,2015,1,-1,1,Reinvestor
C057,2016,1,-1,1,Reinvestor
C057,2017,1,-1,1,Reinvestor
C057,2018,1,-1,1,Reinvestor
C057,2019,1,-1,1,Reinvestor
C057,2020,1,-1,1,Reinvestor
C057,2021,1,-1,1,Reinvestor
C057,2022,1,-1,1,Reinvestor
C057,2023,1,-1,1,Reinvestor
C057,2024,1,-1,1,Reinvestor
C058,2015,1,-1,1,Cash Compounder
C058,2016,1,-1,1,Cash Compounder
C058,2017,1,-1,1,Cash Compounder
C058,2018,1,-1,1,Cash Compounder
C058,2019,1,-1,1,Cash Compounder
C058,2020,1,-1,1,Cash Compounder
C058,2021,1,-1,1,Cash Compounder
C058,2022,1,-1,1,Cash Compounder
C058,2023,1,-1,1,Cash Compounder
C058,2024,1,-1,1,Cash Compounder
C059,2015,1,-1,-1,Dividend Distributor
C059,2016,1,-1,-1,Dividend Distributor
C059,2017,1,-1,-1,Dividend Distributor
C059,2018,1,-1,-1,Dividend Distributor
C059,2019,1,-1,-1,Dividend Distributor
C059,2020,1,-1,-1,Dividend Distributor
C059,2021,1,-1,-1,Dividend Distributor
C059,2022,1,-1,-1,Dividend Distributor
C059,2023,1,-1,-1,Dividend Distributor
C059,2024,1,-1,-1,Dividend Distributor
C060,2015,1,-1,-1,Debt Reducer
C060,2016,1,-1,-1,Debt Reducer
C060,2017,1,-1,-1,Debt Reducer
C060,2018,1,-1,-1,Debt Reducer
C060,2019,1,-1,-1,Debt Reducer
C060,2020,1,-1,-1,Debt Reducer
C060,2021,1,-1,-1,Debt Reducer
C060,2022,1,-1,-1,Debt Reducer
C060,2023,1,-1,-1,Debt Reducer
C060,2024,1,-1,-1,Debt Reducer
C061,2015,1,-1,1,Acquisition Led
C061,2016,1,-1,1,Acquisition Led
C061,2017,1,-1,1,Acquisition Led
C061,2018,1,-1,1,Acquisition Led
C061,2019,1,-1,1,Acquisition Led
C061,2020,1,-1,1,Acquisition Led
C061,2021,1,-1,1,Acquisition Led
C061,2022,1,-1,1,Acquisition Led
C061,2023,1,-1,1,Acquisition Led
C061,2024,1,-1,1,Acquisition Led
C062,2015,1,-1,1,Capex Heavy
C062,2016,1,-1,1,Capex Heavy
C062,2017,1,-1,1,Capex Heavy
C062,2018,1,-1,1,Capex Heavy
C062,2019,1,-1,1,Capex Heavy
C062,2020,1,-1,1,Capex Heavy
C062,2021,1,-1,1,Capex Heavy
C062,2022,1,-1,1,Capex Heavy
C062,2023,1,-1,1,Capex Heavy
C062,2024,1,-1,1,Capex Heavy
C063,2015,1,-1,1,Working Capital Builder
C063,2016,1,-1,1,Working Capital Builder
C063,2017,1,-1,1,Working Capital Builder
C063,2018,1,-1,1,Working Capital Builder
C063,2019,1,-1,1,Working Capital Builder
C063,2020,1,-1,1,Working Capital Builder
C063,2021,1,-1,1,Working Capital Builder
C063,2022,1,-1,1,Working Capital Builder
C063,2023,1,-1,1,Working Capital Builder
C063,2024,1,-1,1,Working Capital Builder
C064,2015,1,-1,1,Turnaround
C064,2016,1,-1,1,Turnaround
C064,2017,1,-1,1,Turnaround
C064,2018,1,-1,1,Turnaround
C064,2019,1,-1,1,Turnaround
C064,2020,1,-1,1,Turnaround
C064,2021,1,-1,1,Turnaround
C064,2022,1,-1,1,Turnaround
C064,2023,1,-1,1,Turnaround
C064,2024,1,-1,1,Turnaround
C065,2015,1,-1,1,Reinvestor
C065,2016,1,-1,1,Reinvestor
C065,2017,1,-1,1,Reinvestor
C065,2018,1,-1,1,Reinvestor
C065,2019,1,-1,1,Reinvestor
C065,2020,1,-1,1,Reinvestor
C065,2021,1,-1,1,Reinvestor
C065,2022,1,-1,1,Reinvestor
C065,2023,1,-1,1,Reinvestor
C065,2024,1,-1,1,Reinvestor
C066,2015,1,-1,1,Cash Compounder
C066,2016,1,-1,1,Cash Compounder
C066,2017,1,-1,1,Cash Compounder
C066,2018,1,-1,1,Cash Compounder
C066,2019,1,-1,1,Cash Compounder
C066,2020,1,-1,1,Cash Compounder
C066,2021,1,-1,1,Cash Compounder
C066,2022,1,-1,1,Cash Compounder
C066,2023,1,-1,1,Cash Compounder
C066,2024,1,-1,1,Cash Compounder
C067,2015,1,-1,-1,Dividend Distributor
C067,2016,1,-1,-1,Dividend Distributor
C067,2017,1,-1,-1,Dividend Distributor
C067,2018,1,-1,-1,Dividend Distributor
C067,2019,1,-1,-1,Dividend Distributor
C067,2020,1,-1,-1,Dividend Distributor
C067,2021,1,-1,-1,Dividend Distributor
C067,2022,1,-1,-1,Dividend Distributor
C067,2023,1,-1,-1,Dividend Distributor
C067,2024,1,-1,-1,Dividend Distributor
C068,2015,1,-1,-1,Debt Reducer
C068,2016,1,-1,-1,Debt Reducer
C068,2017,1,-1,-1,Debt Reducer
C068,2018,1,-1,-1,Debt Reducer
C068,2019,1,-1,-1,Debt Reducer
C068,2020,1,-1,-1,Debt Reducer
C068,2021,1,-1,-1,Debt Reducer
C068,2022,1,-1,-1,Debt Reducer
C068,2023,1,-1,-1,Debt Reducer
C068,2024,1,-1,-1,Debt Reducer
C069,2015,1,-1,1,Acquisition Led
C069,2016,1,-1,1,Acquisition Led
C069,2017,1,-1,1,Acquisition Led
C069,2018,1,-1,1,Acquisition Led
C069,2019,1,-1,1,Acquisition Led
C069,2020,1,-1,1,Acquisition Led
C069,2021,1,-1,1,Acquisition Led
C069,2022,1,-1,1,Acquisition Led
C069,2023,1,-1,1,Acquisition Led
C069,2024,1,-1,1,Acquisition Led
C070,2015,1,-1,1,Capex Heavy
C070,2016,1,-1,1,Capex Heavy
C070,2017,1,-1,1,Capex Heavy
C070,2018,1,-1,1,Capex Heavy
C070,2019,1,-1,1,Capex Heavy
C070,2020,1,-1,1,Capex Heavy
C070,2021,1,-1,1,Capex Heavy
C070,2022,1,-1,1,Capex Heavy
C070,2023,1,-1,1,Capex Heavy
C070,2024,1,-1,1,Capex Heavy
C071,2015,1,-1,1,Working Capital Builder
C071,2016,1,-1,1,Working Capital Builder
C071,2017,1,-1,1,Working Capital Builder
C071,2018,1,-1,1,Working Capital Builder
C071,2019,1,-1,1,Working Capital Builder
C071,2020,1,-1,1,Working Capital Builder
C071,2021,1,-1,1,Working Capital Builder
C071,2022,1,-1,1,Working Capital Builder
C071,2023,1,-1,1,Working Capital Builder
C071,2024,1,-1,1,Working Capital Builder
C072,2015,1,-1,1,Turnaround
C072,2016,1,-1,1,Turnaround
C072,2017,1,-1,1,Turnaround
C072,2018,1,-1,1,Turnaround
C072,2019,1,-1,1,Turnaround
C072,2020,1,-1,1,Turnaround
C072,2021,1,-1,1,Turnaround
C072,2022,1,-1,1,Turnaround
C072,2023,1,-1,1,Turnaround
C072,2024,1,-1,1,Turnaround
C073,2015,1,-1,1,Reinvestor
C073,2016,1,-1,1,Reinvestor
C073,2017,1,-1,1,Reinvestor
C073,2018,1,-1,1,Reinvestor
C073,2019,1,-1,1,Reinvestor
C073,2020,1,-1,1,Reinvestor
C073,2021,1,-1,1,Reinvestor
C073,2022,1,-1,1,Reinvestor
C073,2023,1,-1,1,Reinvestor
C073,2024,1,-1,1,Reinvestor
C074,2015,1,-1,1,Cash Compounder
C074,2016,1,-1,1,Cash Compounder
C074,2017,1,-1,1,Cash Compounder
C074,2018,1,-1,1,Cash Compounder
C074,2019,1,-1,1,Cash Compounder
C074,2020,1,-1,1,Cash Compounder
C074,2021,1,-1,1,Cash Compounder
C074,2022,1,-1,1,Cash Compounder
C074,2023,1,-1,1,Cash Compounder
C074,2024,1,-1,1,Cash Compounder
C075,2015,1,-1,-1,Dividend Distributor
C075,2016,1,-1,-1,Dividend Distributor
C075,2017,1,-1,-1,Dividend Distributor
C075,2018,1,-1,-1,Dividend Distributor
C075,2019,1,-1,-1,Dividend Distributor
C075,2020,1,-1,-1,Dividend Distributor
C075,2021,1,-1,-1,Dividend Distributor
C075,2022,1,-1,-1,Dividend Distributor
C075,2023,1,-1,-1,Dividend Distributor
C075,2024,1,-1,-1,Dividend Distributor
C076,2015,1,-1,-1,Debt Reducer
C076,2016,1,-1,-1,Debt Reducer
C076,2017,1,-1,-1,Debt Reducer
C076,2018,1,-1,-1,Debt Reducer
C076,2019,1,-1,-1,Debt Reducer
C076,2020,1,-1,-1,Debt Reducer
C076,2021,1,-1,-1,Debt Reducer
C076,2022,1,-1,-1,Debt Reducer
C076,2023,1,-1,-1,Debt Reducer
C076,2024,1,-1,-1,Debt Reducer
C077,2015,1,-1,1,Acquisition Led
C077,2016,1,-1,1,Acquisition Led
C077,2017,1,-1,1,Acquisition Led
C077,2018,1,-1,1,Acquisition Led
C077,2019,1,-1,1,Acquisition Led
C077,2020,1,-1,1,Acquisition Led
C077,2021,1,-1,1,Acquisition Led
C077,2022,1,-1,1,Acquisition Led
C077,2023,1,-1,1,Acquisition Led
C077,2024,1,-1,1,Acquisition Led
C078,2015,1,-1,1,Capex Heavy
C078,2016,1,-1,1,Capex Heavy
C078,2017,1,-1,1,Capex Heavy
C078,2018,1,-1,1,Capex Heavy
C078,2019,1,-1,1,Capex Heavy
C078,2020,1,-1,1,Capex Heavy
C078,2021,1,-1,1,Capex Heavy
C078,2022,1,-1,1,Capex Heavy
C078,2023,1,-1,1,Capex Heavy
C078,2024,1,-1,1,Capex Heavy
C079,2015,1,-1,1,Working Capital Builder
C079,2016,1,-1,1,Working Capital Builder
C079,2017,1,-1,1,Working Capital Builder
C079,2018,1,-1,1,Working Capital Builder
C079,2019,1,-1,1,Working Capital Builder
C079,2020,1,-1,1,Working Capital Builder
C079,2021,1,-1,1,Working Capital Builder
C079,2022,1,-1,1,Working Capital Builder
C079,2023,1,-1,1,Working Capital Builder
C079,2024,1,-1,1,Working Capital Builder
C080,2015,1,-1,1,Turnaround
C080,2016,1,-1,1,Turnaround
C080,2017,1,-1,1,Turnaround
C080,2018,1,-1,1,Turnaround
C080,2019,1,-1,1,Turnaround
C080,2020,1,-1,1,Turnaround
C080,2021,1,-1,1,Turnaround
C080,2022,1,-1,1,Turnaround
C080,2023,1,-1,1,Turnaround
C080,2024,1,-1,1,Turnaround
C081,2015,1,-1,1,Reinvestor
C081,2016,1,-1,1,Reinvestor
C081,2017,1,-1,1,Reinvestor
C081,2018,1,-1,1,Reinvestor
C081,2019,1,-1,1,Reinvestor
C081,2020,1,-1,1,Reinvestor
C081,2021,1,-1,1,Reinvestor
C081,2022,1,-1,1,Reinvestor
C081,2023,1,-1,1,Reinvestor
C081,2024,1,-1,1,Reinvestor
C082,2015,1,-1,1,Cash Compounder
C082,2016,1,-1,1,Cash Compounder
C082,2017,1,-1,1,Cash Compounder
C082,2018,1,-1,1,Cash Compounder
C082,2019,1,-1,1,Cash Compounder
C082,2020,1,-1,1,Cash Compounder
C082,2021,1,-1,1,Cash Compounder
C082,2022,1,-1,1,Cash Compounder
C082,2023,1,-1,1,Cash Compounder
C082,2024,1,-1,1,Cash Compounder
C083,2015,1,-1,-1,Dividend Distributor
C083,2016,1,-1,-1,Dividend Distributor
C083,2017,1,-1,-1,Dividend Distributor
C083,2018,1,-1,-1,Dividend Distributor
C083,2019,1,-1,-1,Dividend Distributor
C083,2020,1,-1,-1,Dividend Distributor
C083,2021,1,-1,-1,Dividend Distributor
C083,2022,1,-1,-1,Dividend Distributor
C083,2023,1,-1,-1,Dividend Distributor
C083,2024,1,-1,-1,Dividend Distributor
C084,2015,1,-1,-1,Debt Reducer
C084,2016,1,-1,-1,Debt Reducer
C084,2017,1,-1,-1,Debt Reducer
C084,2018,1,-1,-1,Debt Reducer
C084,2019,1,-1,-1,Debt Reducer
C084,2020,1,-1,-1,Debt Reducer
C084,2021,1,-1,-1,Debt Reducer
C084,2022,1,-1,-1,Debt Reducer
C084,2023,1,-1,-1,Debt Reducer
C084,2024,1,-1,-1,Debt Reducer
C085,2015,1,-1,1,Acquisition Led
C085,2016,1,-1,1,Acquisition Led
C085,2017,1,-1,1,Acquisition Led
C085,2018,1,-1,1,Acquisition Led
C085,2019,1,-1,1,Acquisition Led
C085,2020,1,-1,1,Acquisition Led
C085,2021,1,-1,1,Acquisition Led
C085,2022,1,-1,1,Acquisition Led
C085,2023,1,-1,1,Acquisition Led
C085,2024,1,-1,1,Acquisition Led
C086,2015,1,-1,1,Capex Heavy
C086,2016,1,-1,1,Capex Heavy
C086,2017,1,-1,1,Capex Heavy
C086,2018,1,-1,1,Capex Heavy
C086,2019,1,-1,1,Capex Heavy
C086,2020,1,-1,1,Capex Heavy
C086,2021,1,-1,1,Capex Heavy
C086,2022,1,-1,1,Capex Heavy
C086,2023,1,-1,1,Capex Heavy
C086,2024,1,-1,1,Capex Heavy
C087,2015,1,-1,1,Working Capital Builder
C087,2016,1,-1,1,Working Capital Builder
C087,2017,1,-1,1,Working Capital Builder
C087,2018,1,-1,1,Working Capital Builder
C087,2019,1,-1,1,Working Capital Builder
C087,2020,1,-1,1,Working Capital Builder
C087,2021,1,-1,1,Working Capital Builder
C087,2022,1,-1,1,Working Capital Builder
C087,2023,1,-1,1,Working Capital Builder
C087,2024,1,-1,1,Working Capital Builder
C088,2015,1,-1,1,Turnaround
C088,2016,1,-1,1,Turnaround
C088,2017,1,-1,1,Turnaround
C088,2018,1,-1,1,Turnaround
C088,2019,1,-1,1,Turnaround
C088,2020,1,-1,1,Turnaround
C088,2021,1,-1,1,Turnaround
C088,2022,1,-1,1,Turnaround
C088,2023,1,-1,1,Turnaround
C088,2024,1,-1,1,Turnaround
C089,2015,1,-1,1,Reinvestor
C089,2016,1,-1,1,Reinvestor
C089,2017,1,-1,1,Reinvestor
C089,2018,1,-1,1,Reinvestor
C089,2019,1,-1,1,Reinvestor
C089,2020,1,-1,1,Reinvestor
C089,2021,1,-1,1,Reinvestor
C089,2022,1,-1,1,Reinvestor
C089,2023,1,-1,1,Reinvestor
C089,2024,1,-1,1,Reinvestor
C090,2015,1,-1,1,Cash Compounder
C090,2016,1,-1,1,Cash Compounder
C090,2017,1,-1,1,Cash Compounder
C090,2018,1,-1,1,Cash Compounder
C090,2019,1,-1,1,Cash Compounder
C090,2020,1,-1,1,Cash Compounder
C090,2021,1,-1,1,Cash Compounder
C090,2022,1,-1,1,Cash Compounder
C090,2023,1,-1,1,Cash Compounder
C090,2024,1,-1,1,Cash Compounder
C091,2015,1,-1,-1,Dividend Distributor
C091,2016,1,-1,-1,Dividend Distributor
C091,2017,1,-1,-1,Dividend Distributor
C091,2018,1,-1,-1,Dividend Distributor
C091,2019,1,-1,-1,Dividend Distributor
C091,2020,1,-1,-1,Dividend Distributor
C091,2021,1,-1,-1,Dividend Distributor
C091,2022,1,-1,-1,Dividend Distributor
C091,2023,1,-1,-1,Dividend Distributor
C091,2024,1,-1,-1,Dividend Distributor
C092,2015,1,-1,-1,Debt Reducer
C092,2016,1,-1,-1,Debt Reducer
C092,2017,1,-1,-1,Debt Reducer
C092,2018,1,-1,-1,Debt Reducer
C092,2019,1,-1,-1,Debt Reducer
C092,2020,1,-1,-1,Debt Reducer
C092,2021,1,-1,-1,Debt Reducer
C092,2022,1,-1,-1,Debt Reducer
C092,2023,1,-1,-1,Debt Reducer
C092,2024,1,-1,-1,Debt Reducer
